{
	"AUTOGEN_COMMAND_LINE_LENGTH_MAX" : 32000,
	"BUILD_DIR" : "C:/Users/koyo0/Documents/Qt/Imace_Stich_Two/build/Desktop_Qt_6_10_2_MinGW_64_bit-Release/Image_Stitch_Two_autogen",
	"CMAKE_BINARY_DIR" : "C:/Users/koyo0/Documents/Qt/Imace_Stich_Two/build/Desktop_Qt_6_10_2_MinGW_64_bit-Release",
	"CMAKE_CURRENT_BINARY_DIR" : "C:/Users/koyo0/Documents/Qt/Imace_Stich_Two/build/Desktop_Qt_6_10_2_MinGW_64_bit-Release",
	"CMAKE_CURRENT_SOURCE_DIR" : "C:/Users/koyo0/Documents/Qt/Imace_Stich_Two",
	"CMAKE_EXECUTABLE" : "C:/Qt_OSS/Tools/CMake_64/bin/cmake.exe",
	"CMAKE_LIST_FILES" : 
	[
		"C:/Users/koyo0/Documents/Qt/Imace_Stich_Two/CMakeLists.txt",
		"C:/Users/koyo0/Documents/Qt/Imace_Stich_Two/build/Desktop_Qt_6_10_2_MinGW_64_bit-Release/.qtc/package-manager/auto-setup.cmake",
		"C:/Users/koyo0/Documents/Qt/Imace_Stich_Two/build/Desktop_Qt_6_10_2_MinGW_64_bit-Release/CMakeFiles/3.30.5/CMakeSystem.cmake",
		"C:/Users/koyo0/Documents/Qt/Imace_Stich_Two/build/Desktop_Qt_6_10_2_MinGW_64_bit-Release/.qtc/package-manager/maintenance_tool_provider.cmake",
		"C:/Qt_OSS/Tools/CMake_64/share/cmake-3.30/Modules/CMakeSystemSpecificInitialize.cmake",
		"C:/Qt_OSS/Tools/CMake_64/share/cmake-3.30/Modules/Platform/Windows-Initialize.cmake",
		"C:/Users/koyo0/Documents/Qt/Imace_Stich_Two/build/Desktop_Qt_6_10_2_MinGW_64_bit-Release/CMakeFiles/3.30.5/CMakeCXXCompiler.cmake",
		"C:/Qt_OSS/Tools/CMake_64/share/cmake-3.30/Modules/CMakeSystemSpecificInformation.cmake",
		"C:/Qt_OSS/Tools/CMake_64/share/cmake-3.30/Modules/CMakeGenericSystem.cmake",
		"C:/Qt_OSS/Tools/CMake_64/share/cmake-3.30/Modules/CMakeInitializeConfigs.cmake",
		"C:/Qt_OSS/Tools/CMake_64/share/cmake-3.30/Modules/Platform/Windows.cmake",
		"C:/Qt_OSS/Tools/CMake_64/share/cmake-3.30/Modules/Platform/WindowsPaths.cmake",
		"C:/Qt_OSS/Tools/CMake_64/share/cmake-3.30/Modules/CMakeCXXInformation.cmake",
		"C:/Qt_OSS/Tools/CMake_64/share/cmake-3.30/Modules/CMakeLanguageInformation.cmake",
		"C:/Qt_OSS/Tools/CMake_64/share/cmake-3.30/Modules/Compiler/GNU-CXX.cmake",
		"C:/Qt_OSS/Tools/CMake_64/share/cmake-3.30/Modules/Compiler/GNU.cmake",
		"C:/Qt_OSS/Tools/CMake_64/share/cmake-3.30/Modules/Compiler/CMakeCommonCompilerMacros.cmake",
		"C:/Qt_OSS/Tools/CMake_64/share/cmake-3.30/Modules/Platform/Windows-GNU-CXX.cmake",
		"C:/Qt_OSS/Tools/CMake_64/share/cmake-3.30/Modules/Platform/Windows-GNU.cmake",
		"C:/Users/koyo0/Documents/Qt/Imace_Stich_Two/build/Desktop_Qt_6_10_2_MinGW_64_bit-Release/CMakeFiles/3.30.5/CMakeRCCompiler.cmake",
		"C:/Qt_OSS/Tools/CMake_64/share/cmake-3.30/Modules/CMakeRCInformation.cmake",
		"C:/Qt_OSS/Tools/CMake_64/share/cmake-3.30/Modules/Platform/Windows-windres.cmake",
		"C:/Qt_OSS/Tools/CMake_64/share/cmake-3.30/Modules/Platform/Windows-GNU-CXX-ABI.cmake",
		"C:/Qt_OSS/Tools/CMake_64/share/cmake-3.30/Modules/CMakeCommonLanguageInclude.cmake",
		"C:/Qt_OSS/6.10.2/mingw_64/lib/cmake/Qt6/Qt6ConfigVersion.cmake",
		"C:/Qt_OSS/6.10.2/mingw_64/lib/cmake/Qt6/Qt6ConfigVersionImpl.cmake",
		"C:/Qt_OSS/6.10.2/mingw_64/lib/cmake/Qt6/Qt6Config.cmake",
		"C:/Qt_OSS/6.10.2/mingw_64/lib/cmake/Qt6/QtPublicCMakeEarlyPolicyHelpers.cmake",
		"C:/Qt_OSS/6.10.2/mingw_64/lib/cmake/Qt6/QtPublicCMakeHelpers.cmake",
		"C:/Qt_OSS/6.10.2/mingw_64/lib/cmake/Qt6/Qt6ConfigExtras.cmake",
		"C:/Qt_OSS/6.10.2/mingw_64/lib/cmake/Qt6/QtPublicCMakeVersionHelpers.cmake",
		"C:/Qt_OSS/6.10.2/mingw_64/lib/cmake/Qt6/QtInstallPaths.cmake",
		"C:/Qt_OSS/6.10.2/mingw_64/lib/cmake/Qt6/Qt6Targets.cmake",
		"C:/Qt_OSS/6.10.2/mingw_64/lib/cmake/Qt6/Qt6VersionlessAliasTargets.cmake",
		"C:/Qt_OSS/6.10.2/mingw_64/lib/cmake/Qt6/QtFeature.cmake",
		"C:/Qt_OSS/Tools/CMake_64/share/cmake-3.30/Modules/CheckCXXCompilerFlag.cmake",
		"C:/Qt_OSS/Tools/CMake_64/share/cmake-3.30/Modules/Internal/CheckCompilerFlag.cmake",
		"C:/Qt_OSS/Tools/CMake_64/share/cmake-3.30/Modules/Internal/CheckFlagCommonConfig.cmake",
		"C:/Qt_OSS/Tools/CMake_64/share/cmake-3.30/Modules/Internal/CheckSourceCompiles.cmake",
		"C:/Qt_OSS/Tools/CMake_64/share/cmake-3.30/Modules/CMakeCheckCompilerFlagCommonPatterns.cmake",
		"C:/Qt_OSS/Tools/CMake_64/share/cmake-3.30/Modules/CheckCXXSourceCompiles.cmake",
		"C:/Qt_OSS/Tools/CMake_64/share/cmake-3.30/Modules/Internal/CheckSourceCompiles.cmake",
		"C:/Qt_OSS/6.10.2/mingw_64/lib/cmake/Qt6/QtFeatureCommon.cmake",
		"C:/Qt_OSS/6.10.2/mingw_64/lib/cmake/Qt6/QtPublicAndroidHelpers.cmake",
		"C:/Qt_OSS/6.10.2/mingw_64/lib/cmake/Qt6/QtPublicAppleHelpers.cmake",
		"C:/Qt_OSS/6.10.2/mingw_64/lib/cmake/Qt6/QtPublicCMakeHelpers.cmake",
		"C:/Qt_OSS/6.10.2/mingw_64/lib/cmake/Qt6/QtPublicCMakeVersionHelpers.cmake",
		"C:/Qt_OSS/6.10.2/mingw_64/lib/cmake/Qt6/QtPublicDependencyHelpers.cmake",
		"C:/Qt_OSS/6.10.2/mingw_64/lib/cmake/Qt6/QtPublicExternalProjectHelpers.cmake",
		"C:/Qt_OSS/6.10.2/mingw_64/lib/cmake/Qt6/QtPublicFinalizerHelpers.cmake",
		"C:/Qt_OSS/6.10.2/mingw_64/lib/cmake/Qt6/QtPublicFindPackageHelpers.cmake",
		"C:/Qt_OSS/6.10.2/mingw_64/lib/cmake/Qt6/QtPublicGitHelpers.cmake",
		"C:/Qt_OSS/6.10.2/mingw_64/lib/cmake/Qt6/QtPublicPluginHelpers.cmake",
		"C:/Qt_OSS/6.10.2/mingw_64/lib/cmake/Qt6/QtPublicPluginHelpers_v2.cmake",
		"C:/Qt_OSS/6.10.2/mingw_64/lib/cmake/Qt6/QtPublicSbomAttributionHelpers.cmake",
		"C:/Qt_OSS/6.10.2/mingw_64/lib/cmake/Qt6/QtPublicSbomCommonGenerationHelpers.cmake",
		"C:/Qt_OSS/6.10.2/mingw_64/lib/cmake/Qt6/QtPublicSbomCpeHelpers.cmake",
		"C:/Qt_OSS/6.10.2/mingw_64/lib/cmake/Qt6/QtPublicSbomCycloneDXHelpers.cmake",
		"C:/Qt_OSS/6.10.2/mingw_64/lib/cmake/Qt6/QtPublicSbomDocumentNamespaceHelpers.cmake",
		"C:/Qt_OSS/6.10.2/mingw_64/lib/cmake/Qt6/QtPublicSbomDepHelpers.cmake",
		"C:/Qt_OSS/6.10.2/mingw_64/lib/cmake/Qt6/QtPublicSbomFileHelpers.cmake",
		"C:/Qt_OSS/6.10.2/mingw_64/lib/cmake/Qt6/QtPublicSbomGenerationHelpers.cmake",
		"C:/Qt_OSS/6.10.2/mingw_64/lib/cmake/Qt6/QtPublicSbomGenerationCycloneDXHelpers.cmake",
		"C:/Qt_OSS/6.10.2/mingw_64/lib/cmake/Qt6/QtPublicSbomHelpers.cmake",
		"C:/Qt_OSS/6.10.2/mingw_64/lib/cmake/Qt6/QtPublicSbomLicenseHelpers.cmake",
		"C:/Qt_OSS/6.10.2/mingw_64/lib/cmake/Qt6/QtPublicSbomOpsHelpers.cmake",
		"C:/Qt_OSS/6.10.2/mingw_64/lib/cmake/Qt6/QtPublicSbomPurlHelpers.cmake",
		"C:/Qt_OSS/6.10.2/mingw_64/lib/cmake/Qt6/QtPublicSbomPythonHelpers.cmake",
		"C:/Qt_OSS/6.10.2/mingw_64/lib/cmake/Qt6/QtPublicSbomQtEntityHelpers.cmake",
		"C:/Qt_OSS/6.10.2/mingw_64/lib/cmake/Qt6/QtPublicSbomSystemDepHelpers.cmake",
		"C:/Qt_OSS/6.10.2/mingw_64/lib/cmake/Qt6/QtPublicTargetHelpers.cmake",
		"C:/Qt_OSS/6.10.2/mingw_64/lib/cmake/Qt6/QtPublicTestHelpers.cmake",
		"C:/Qt_OSS/6.10.2/mingw_64/lib/cmake/Qt6/QtPublicToolHelpers.cmake",
		"C:/Qt_OSS/6.10.2/mingw_64/lib/cmake/Qt6/QtPublicWalkLibsHelpers.cmake",
		"C:/Qt_OSS/6.10.2/mingw_64/lib/cmake/Qt6/QtPublicWindowsHelpers.cmake",
		"C:/Qt_OSS/Tools/CMake_64/share/cmake-3.30/Modules/CMakeFindDependencyMacro.cmake",
		"C:/Qt_OSS/6.10.2/mingw_64/lib/cmake/Qt6/Qt6Dependencies.cmake",
		"C:/Qt_OSS/Tools/CMake_64/share/cmake-3.30/Modules/FindThreads.cmake",
		"C:/Qt_OSS/Tools/CMake_64/share/cmake-3.30/Modules/CheckLibraryExists.cmake",
		"C:/Qt_OSS/Tools/CMake_64/share/cmake-3.30/Modules/CheckIncludeFileCXX.cmake",
		"C:/Qt_OSS/Tools/CMake_64/share/cmake-3.30/Modules/CheckCXXSourceCompiles.cmake",
		"C:/Qt_OSS/Tools/CMake_64/share/cmake-3.30/Modules/FindPackageHandleStandardArgs.cmake",
		"C:/Qt_OSS/Tools/CMake_64/share/cmake-3.30/Modules/FindPackageMessage.cmake",
		"C:/Qt_OSS/6.10.2/mingw_64/lib/cmake/Qt6Widgets/Qt6WidgetsConfigVersion.cmake",
		"C:/Qt_OSS/6.10.2/mingw_64/lib/cmake/Qt6Widgets/Qt6WidgetsConfigVersionImpl.cmake",
		"C:/Qt_OSS/6.10.2/mingw_64/lib/cmake/Qt6Widgets/Qt6WidgetsConfig.cmake",
		"C:/Qt_OSS/Tools/CMake_64/share/cmake-3.30/Modules/CMakeFindDependencyMacro.cmake",
		"C:/Qt_OSS/6.10.2/mingw_64/lib/cmake/Qt6Widgets/Qt6WidgetsDependencies.cmake",
		"C:/Qt_OSS/6.10.2/mingw_64/lib/cmake/Qt6WidgetsTools/Qt6WidgetsToolsConfigVersion.cmake",
		"C:/Qt_OSS/6.10.2/mingw_64/lib/cmake/Qt6WidgetsTools/Qt6WidgetsToolsConfigVersionImpl.cmake",
		"C:/Qt_OSS/6.10.2/mingw_64/lib/cmake/Qt6WidgetsTools/Qt6WidgetsToolsConfig.cmake",
		"C:/Qt_OSS/Tools/CMake_64/share/cmake-3.30/Modules/CMakeFindDependencyMacro.cmake",
		"C:/Qt_OSS/6.10.2/mingw_64/lib/cmake/Qt6WidgetsTools/Qt6WidgetsToolsDependencies.cmake",
		"C:/Qt_OSS/6.10.2/mingw_64/lib/cmake/Qt6CoreTools/Qt6CoreToolsConfigVersion.cmake",
		"C:/Qt_OSS/6.10.2/mingw_64/lib/cmake/Qt6CoreTools/Qt6CoreToolsConfigVersionImpl.cmake",
		"C:/Qt_OSS/6.10.2/mingw_64/lib/cmake/Qt6CoreTools/Qt6CoreToolsConfig.cmake",
		"C:/Qt_OSS/Tools/CMake_64/share/cmake-3.30/Modules/CMakeFindDependencyMacro.cmake",
		"C:/Qt_OSS/6.10.2/mingw_64/lib/cmake/Qt6CoreTools/Qt6CoreToolsDependencies.cmake",
		"C:/Qt_OSS/6.10.2/mingw_64/lib/cmake/Qt6CoreTools/Qt6CoreToolsTargets.cmake",
		"C:/Qt_OSS/6.10.2/mingw_64/lib/cmake/Qt6CoreTools/Qt6CoreToolsTargets-relwithdebinfo.cmake",
		"C:/Qt_OSS/6.10.2/mingw_64/lib/cmake/Qt6CoreTools/Qt6CoreToolsAdditionalTargetInfo.cmake",
		"C:/Qt_OSS/6.10.2/mingw_64/lib/cmake/Qt6CoreTools/Qt6CoreToolsVersionlessTargets.cmake",
		"C:/Qt_OSS/6.10.2/mingw_64/lib/cmake/Qt6GuiTools/Qt6GuiToolsConfigVersion.cmake",
		"C:/Qt_OSS/6.10.2/mingw_64/lib/cmake/Qt6GuiTools/Qt6GuiToolsConfigVersionImpl.cmake",
		"C:/Qt_OSS/6.10.2/mingw_64/lib/cmake/Qt6GuiTools/Qt6GuiToolsConfig.cmake",
		"C:/Qt_OSS/Tools/CMake_64/share/cmake-3.30/Modules/CMakeFindDependencyMacro.cmake",
		"C:/Qt_OSS/6.10.2/mingw_64/lib/cmake/Qt6GuiTools/Qt6GuiToolsDependencies.cmake",
		"C:/Qt_OSS/6.10.2/mingw_64/lib/cmake/Qt6CoreTools/Qt6CoreToolsConfigVersion.cmake",
		"C:/Qt_OSS/6.10.2/mingw_64/lib/cmake/Qt6CoreTools/Qt6CoreToolsConfigVersionImpl.cmake",
		"C:/Qt_OSS/6.10.2/mingw_64/lib/cmake/Qt6CoreTools/Qt6CoreToolsConfig.cmake",
		"C:/Qt_OSS/Tools/CMake_64/share/cmake-3.30/Modules/CMakeFindDependencyMacro.cmake",
		"C:/Qt_OSS/6.10.2/mingw_64/lib/cmake/Qt6CoreTools/Qt6CoreToolsDependencies.cmake",
		"C:/Qt_OSS/6.10.2/mingw_64/lib/cmake/Qt6CoreTools/Qt6CoreToolsTargets.cmake",
		"C:/Qt_OSS/6.10.2/mingw_64/lib/cmake/Qt6CoreTools/Qt6CoreToolsAdditionalTargetInfo.cmake",
		"C:/Qt_OSS/6.10.2/mingw_64/lib/cmake/Qt6CoreTools/Qt6CoreToolsVersionlessTargets.cmake",
		"C:/Qt_OSS/6.10.2/mingw_64/lib/cmake/Qt6GuiTools/Qt6GuiToolsTargets.cmake",
		"C:/Qt_OSS/6.10.2/mingw_64/lib/cmake/Qt6GuiTools/Qt6GuiToolsTargets-relwithdebinfo.cmake",
		"C:/Qt_OSS/6.10.2/mingw_64/lib/cmake/Qt6GuiTools/Qt6GuiToolsAdditionalTargetInfo.cmake",
		"C:/Qt_OSS/6.10.2/mingw_64/lib/cmake/Qt6GuiTools/Qt6GuiToolsVersionlessTargets.cmake",
		"C:/Qt_OSS/6.10.2/mingw_64/lib/cmake/Qt6WidgetsTools/Qt6WidgetsToolsTargets.cmake",
		"C:/Qt_OSS/6.10.2/mingw_64/lib/cmake/Qt6WidgetsTools/Qt6WidgetsToolsTargets-relwithdebinfo.cmake",
		"C:/Qt_OSS/6.10.2/mingw_64/lib/cmake/Qt6WidgetsTools/Qt6WidgetsToolsAdditionalTargetInfo.cmake",
		"C:/Qt_OSS/6.10.2/mingw_64/lib/cmake/Qt6WidgetsTools/Qt6WidgetsToolsVersionlessTargets.cmake",
		"C:/Qt_OSS/6.10.2/mingw_64/lib/cmake/Qt6Core/Qt6CoreConfigVersion.cmake",
		"C:/Qt_OSS/6.10.2/mingw_64/lib/cmake/Qt6Core/Qt6CoreConfigVersionImpl.cmake",
		"C:/Qt_OSS/6.10.2/mingw_64/lib/cmake/Qt6Core/Qt6CoreConfig.cmake",
		"C:/Qt_OSS/Tools/CMake_64/share/cmake-3.30/Modules/CMakeFindDependencyMacro.cmake",
		"C:/Qt_OSS/6.10.2/mingw_64/lib/cmake/Qt6Core/Qt6CoreDependencies.cmake",
		"C:/Qt_OSS/6.10.2/mingw_64/lib/cmake/Qt6/FindWrapAtomic.cmake",
		"C:/Qt_OSS/Tools/CMake_64/share/cmake-3.30/Modules/CheckCXXSourceCompiles.cmake",
		"C:/Qt_OSS/Tools/CMake_64/share/cmake-3.30/Modules/FindPackageHandleStandardArgs.cmake",
		"C:/Qt_OSS/Tools/CMake_64/share/cmake-3.30/Modules/FindPackageMessage.cmake",
		"C:/Qt_OSS/6.10.2/mingw_64/lib/cmake/Qt6CoreTools/Qt6CoreToolsConfigVersion.cmake",
		"C:/Qt_OSS/6.10.2/mingw_64/lib/cmake/Qt6CoreTools/Qt6CoreToolsConfigVersionImpl.cmake",
		"C:/Qt_OSS/6.10.2/mingw_64/lib/cmake/Qt6CoreTools/Qt6CoreToolsConfig.cmake",
		"C:/Qt_OSS/Tools/CMake_64/share/cmake-3.30/Modules/CMakeFindDependencyMacro.cmake",
		"C:/Qt_OSS/6.10.2/mingw_64/lib/cmake/Qt6CoreTools/Qt6CoreToolsDependencies.cmake",
		"C:/Qt_OSS/6.10.2/mingw_64/lib/cmake/Qt6CoreTools/Qt6CoreToolsTargets.cmake",
		"C:/Qt_OSS/6.10.2/mingw_64/lib/cmake/Qt6CoreTools/Qt6CoreToolsAdditionalTargetInfo.cmake",
		"C:/Qt_OSS/6.10.2/mingw_64/lib/cmake/Qt6CoreTools/Qt6CoreToolsVersionlessTargets.cmake",
		"C:/Qt_OSS/6.10.2/mingw_64/lib/cmake/Qt6EntryPointPrivate/Qt6EntryPointPrivateConfigVersion.cmake",
		"C:/Qt_OSS/6.10.2/mingw_64/lib/cmake/Qt6EntryPointPrivate/Qt6EntryPointPrivateConfigVersionImpl.cmake",
		"C:/Qt_OSS/6.10.2/mingw_64/lib/cmake/Qt6EntryPointPrivate/Qt6EntryPointPrivateConfig.cmake",
		"C:/Qt_OSS/Tools/CMake_64/share/cmake-3.30/Modules/CMakeFindDependencyMacro.cmake",
		"C:/Qt_OSS/6.10.2/mingw_64/lib/cmake/Qt6EntryPointPrivate/Qt6EntryPointPrivateTargets.cmake",
		"C:/Qt_OSS/6.10.2/mingw_64/lib/cmake/Qt6EntryPointPrivate/Qt6EntryPointPrivateTargets-relwithdebinfo.cmake",
		"C:/Qt_OSS/6.10.2/mingw_64/lib/cmake/Qt6EntryPointPrivate/Qt6EntryPointPrivateAdditionalTargetInfo.cmake",
		"C:/Qt_OSS/6.10.2/mingw_64/lib/cmake/Qt6EntryPointPrivate/Qt6EntryPointMinGW32Target.cmake",
		"C:/Qt_OSS/6.10.2/mingw_64/lib/cmake/Qt6EntryPointPrivate/Qt6EntryPointPrivateVersionlessAliasTargets.cmake",
		"C:/Qt_OSS/6.10.2/mingw_64/lib/cmake/Qt6Core/Qt6CoreTargets.cmake",
		"C:/Qt_OSS/6.10.2/mingw_64/lib/cmake/Qt6Core/Qt6CoreTargets-relwithdebinfo.cmake",
		"C:/Qt_OSS/6.10.2/mingw_64/lib/cmake/Qt6Core/Qt6CoreAdditionalTargetInfo.cmake",
		"C:/Qt_OSS/6.10.2/mingw_64/lib/cmake/Qt6Core/Qt6CoreMacros.cmake",
		"C:/Qt_OSS/6.10.2/mingw_64/lib/cmake/Qt6Core/Qt6CoreConfigExtras.cmake",
		"C:/Qt_OSS/Tools/CMake_64/share/cmake-3.30/Modules/GNUInstallDirs.cmake",
		"C:/Qt_OSS/6.10.2/mingw_64/lib/cmake/Qt6Core/Qt6CoreVersionlessAliasTargets.cmake",
		"C:/Qt_OSS/6.10.2/mingw_64/lib/cmake/Qt6Gui/Qt6GuiConfigVersion.cmake",
		"C:/Qt_OSS/6.10.2/mingw_64/lib/cmake/Qt6Gui/Qt6GuiConfigVersionImpl.cmake",
		"C:/Qt_OSS/6.10.2/mingw_64/lib/cmake/Qt6Gui/Qt6GuiConfig.cmake",
		"C:/Qt_OSS/Tools/CMake_64/share/cmake-3.30/Modules/CMakeFindDependencyMacro.cmake",
		"C:/Qt_OSS/6.10.2/mingw_64/lib/cmake/Qt6Gui/Qt6GuiDependencies.cmake",
		"C:/Qt_OSS/6.10.2/mingw_64/lib/cmake/Qt6/FindWrapVulkanHeaders.cmake",
		"C:/Qt_OSS/Tools/CMake_64/share/cmake-3.30/Modules/FindVulkan.cmake",
		"C:/Qt_OSS/Tools/CMake_64/share/cmake-3.30/Modules/FindPackageHandleStandardArgs.cmake",
		"C:/Qt_OSS/Tools/CMake_64/share/cmake-3.30/Modules/FindPackageMessage.cmake",
		"C:/Qt_OSS/Tools/CMake_64/share/cmake-3.30/Modules/FindVulkan.cmake",
		"C:/Qt_OSS/Tools/CMake_64/share/cmake-3.30/Modules/FindPackageHandleStandardArgs.cmake",
		"C:/Qt_OSS/Tools/CMake_64/share/cmake-3.30/Modules/FindPackageMessage.cmake",
		"C:/Qt_OSS/Tools/CMake_64/share/cmake-3.30/Modules/FindPackageHandleStandardArgs.cmake",
		"C:/Qt_OSS/Tools/CMake_64/share/cmake-3.30/Modules/FindPackageMessage.cmake",
		"C:/Qt_OSS/6.10.2/mingw_64/lib/cmake/Qt6/FindWrapVulkanHeaders.cmake",
		"C:/Qt_OSS/Tools/CMake_64/share/cmake-3.30/Modules/FindVulkan.cmake",
		"C:/Qt_OSS/Tools/CMake_64/share/cmake-3.30/Modules/FindPackageHandleStandardArgs.cmake",
		"C:/Qt_OSS/Tools/CMake_64/share/cmake-3.30/Modules/FindPackageMessage.cmake",
		"C:/Qt_OSS/Tools/CMake_64/share/cmake-3.30/Modules/FindVulkan.cmake",
		"C:/Qt_OSS/Tools/CMake_64/share/cmake-3.30/Modules/FindPackageHandleStandardArgs.cmake",
		"C:/Qt_OSS/Tools/CMake_64/share/cmake-3.30/Modules/FindPackageMessage.cmake",
		"C:/Qt_OSS/Tools/CMake_64/share/cmake-3.30/Modules/FindPackageHandleStandardArgs.cmake",
		"C:/Qt_OSS/Tools/CMake_64/share/cmake-3.30/Modules/FindPackageMessage.cmake",
		"C:/Qt_OSS/6.10.2/mingw_64/lib/cmake/Qt6GuiTools/Qt6GuiToolsConfigVersion.cmake",
		"C:/Qt_OSS/6.10.2/mingw_64/lib/cmake/Qt6GuiTools/Qt6GuiToolsConfigVersionImpl.cmake",
		"C:/Qt_OSS/6.10.2/mingw_64/lib/cmake/Qt6GuiTools/Qt6GuiToolsConfig.cmake",
		"C:/Qt_OSS/Tools/CMake_64/share/cmake-3.30/Modules/CMakeFindDependencyMacro.cmake",
		"C:/Qt_OSS/6.10.2/mingw_64/lib/cmake/Qt6GuiTools/Qt6GuiToolsDependencies.cmake",
		"C:/Qt_OSS/6.10.2/mingw_64/lib/cmake/Qt6CoreTools/Qt6CoreToolsConfigVersion.cmake",
		"C:/Qt_OSS/6.10.2/mingw_64/lib/cmake/Qt6CoreTools/Qt6CoreToolsConfigVersionImpl.cmake",
		"C:/Qt_OSS/6.10.2/mingw_64/lib/cmake/Qt6CoreTools/Qt6CoreToolsConfig.cmake",
		"C:/Qt_OSS/Tools/CMake_64/share/cmake-3.30/Modules/CMakeFindDependencyMacro.cmake",
		"C:/Qt_OSS/6.10.2/mingw_64/lib/cmake/Qt6CoreTools/Qt6CoreToolsDependencies.cmake",
		"C:/Qt_OSS/6.10.2/mingw_64/lib/cmake/Qt6CoreTools/Qt6CoreToolsTargets.cmake",
		"C:/Qt_OSS/6.10.2/mingw_64/lib/cmake/Qt6CoreTools/Qt6CoreToolsAdditionalTargetInfo.cmake",
		"C:/Qt_OSS/6.10.2/mingw_64/lib/cmake/Qt6CoreTools/Qt6CoreToolsVersionlessTargets.cmake",
		"C:/Qt_OSS/6.10.2/mingw_64/lib/cmake/Qt6GuiTools/Qt6GuiToolsTargets.cmake",
		"C:/Qt_OSS/6.10.2/mingw_64/lib/cmake/Qt6GuiTools/Qt6GuiToolsAdditionalTargetInfo.cmake",
		"C:/Qt_OSS/6.10.2/mingw_64/lib/cmake/Qt6GuiTools/Qt6GuiToolsVersionlessTargets.cmake",
		"C:/Qt_OSS/6.10.2/mingw_64/lib/cmake/Qt6Gui/Qt6GuiTargets.cmake",
		"C:/Qt_OSS/6.10.2/mingw_64/lib/cmake/Qt6Gui/Qt6GuiTargets-relwithdebinfo.cmake",
		"C:/Qt_OSS/6.10.2/mingw_64/lib/cmake/Qt6Gui/Qt6GuiAdditionalTargetInfo.cmake",
		"C:/Qt_OSS/6.10.2/mingw_64/lib/cmake/Qt6Gui/Qt6GuiPlugins.cmake",
		"C:/Qt_OSS/6.10.2/mingw_64/lib/cmake/Qt6Gui/Qt6QGifPluginConfig.cmake",
		"C:/Qt_OSS/Tools/CMake_64/share/cmake-3.30/Modules/CMakeFindDependencyMacro.cmake",
		"C:/Qt_OSS/6.10.2/mingw_64/lib/cmake/Qt6Gui/Qt6QGifPluginTargets.cmake",
		"C:/Qt_OSS/6.10.2/mingw_64/lib/cmake/Qt6Gui/Qt6QGifPluginTargets-relwithdebinfo.cmake",
		"C:/Qt_OSS/6.10.2/mingw_64/lib/cmake/Qt6Gui/Qt6QGifPluginAdditionalTargetInfo.cmake",
		"C:/Qt_OSS/6.10.2/mingw_64/lib/cmake/Qt6Gui/Qt6QICOPluginConfig.cmake",
		"C:/Qt_OSS/Tools/CMake_64/share/cmake-3.30/Modules/CMakeFindDependencyMacro.cmake",
		"C:/Qt_OSS/6.10.2/mingw_64/lib/cmake/Qt6Gui/Qt6QICOPluginTargets.cmake",
		"C:/Qt_OSS/6.10.2/mingw_64/lib/cmake/Qt6Gui/Qt6QICOPluginTargets-relwithdebinfo.cmake",
		"C:/Qt_OSS/6.10.2/mingw_64/lib/cmake/Qt6Gui/Qt6QICOPluginAdditionalTargetInfo.cmake",
		"C:/Qt_OSS/6.10.2/mingw_64/lib/cmake/Qt6Gui/Qt6QJpegPluginConfig.cmake",
		"C:/Qt_OSS/Tools/CMake_64/share/cmake-3.30/Modules/CMakeFindDependencyMacro.cmake",
		"C:/Qt_OSS/6.10.2/mingw_64/lib/cmake/Qt6Gui/Qt6QJpegPluginTargets.cmake",
		"C:/Qt_OSS/6.10.2/mingw_64/lib/cmake/Qt6Gui/Qt6QJpegPluginTargets-relwithdebinfo.cmake",
		"C:/Qt_OSS/6.10.2/mingw_64/lib/cmake/Qt6Gui/Qt6QJpegPluginAdditionalTargetInfo.cmake",
		"C:/Qt_OSS/6.10.2/mingw_64/lib/cmake/Qt6Gui/Qt6QMinimalIntegrationPluginConfig.cmake",
		"C:/Qt_OSS/Tools/CMake_64/share/cmake-3.30/Modules/CMakeFindDependencyMacro.cmake",
		"C:/Qt_OSS/6.10.2/mingw_64/lib/cmake/Qt6Gui/Qt6QMinimalIntegrationPluginTargets.cmake",
		"C:/Qt_OSS/6.10.2/mingw_64/lib/cmake/Qt6Gui/Qt6QMinimalIntegrationPluginTargets-relwithdebinfo.cmake",
		"C:/Qt_OSS/6.10.2/mingw_64/lib/cmake/Qt6Gui/Qt6QMinimalIntegrationPluginAdditionalTargetInfo.cmake",
		"C:/Qt_OSS/6.10.2/mingw_64/lib/cmake/Qt6Gui/Qt6QOffscreenIntegrationPluginConfig.cmake",
		"C:/Qt_OSS/Tools/CMake_64/share/cmake-3.30/Modules/CMakeFindDependencyMacro.cmake",
		"C:/Qt_OSS/6.10.2/mingw_64/lib/cmake/Qt6Gui/Qt6QOffscreenIntegrationPluginTargets.cmake",
		"C:/Qt_OSS/6.10.2/mingw_64/lib/cmake/Qt6Gui/Qt6QOffscreenIntegrationPluginTargets-relwithdebinfo.cmake",
		"C:/Qt_OSS/6.10.2/mingw_64/lib/cmake/Qt6Gui/Qt6QOffscreenIntegrationPluginAdditionalTargetInfo.cmake",
		"C:/Qt_OSS/6.10.2/mingw_64/lib/cmake/Qt6Gui/Qt6QSvgIconPluginConfig.cmake",
		"C:/Qt_OSS/Tools/CMake_64/share/cmake-3.30/Modules/CMakeFindDependencyMacro.cmake",
		"C:/Qt_OSS/6.10.2/mingw_64/lib/cmake/Qt6Gui/Qt6QSvgIconPluginTargets.cmake",
		"C:/Qt_OSS/6.10.2/mingw_64/lib/cmake/Qt6Gui/Qt6QSvgIconPluginTargets-relwithdebinfo.cmake",
		"C:/Qt_OSS/6.10.2/mingw_64/lib/cmake/Qt6Gui/Qt6QSvgIconPluginAdditionalTargetInfo.cmake",
		"C:/Qt_OSS/6.10.2/mingw_64/lib/cmake/Qt6Gui/Qt6QSvgPluginConfig.cmake",
		"C:/Qt_OSS/Tools/CMake_64/share/cmake-3.30/Modules/CMakeFindDependencyMacro.cmake",
		"C:/Qt_OSS/6.10.2/mingw_64/lib/cmake/Qt6Gui/Qt6QSvgPluginTargets.cmake",
		"C:/Qt_OSS/6.10.2/mingw_64/lib/cmake/Qt6Gui/Qt6QSvgPluginTargets-relwithdebinfo.cmake",
		"C:/Qt_OSS/6.10.2/mingw_64/lib/cmake/Qt6Gui/Qt6QSvgPluginAdditionalTargetInfo.cmake",
		"C:/Qt_OSS/6.10.2/mingw_64/lib/cmake/Qt6Gui/Qt6QTuioTouchPluginConfig.cmake",
		"C:/Qt_OSS/Tools/CMake_64/share/cmake-3.30/Modules/CMakeFindDependencyMacro.cmake",
		"C:/Qt_OSS/6.10.2/mingw_64/lib/cmake/Qt6Gui/Qt6QTuioTouchPluginTargets.cmake",
		"C:/Qt_OSS/6.10.2/mingw_64/lib/cmake/Qt6Gui/Qt6QTuioTouchPluginTargets-relwithdebinfo.cmake",
		"C:/Qt_OSS/6.10.2/mingw_64/lib/cmake/Qt6Gui/Qt6QTuioTouchPluginAdditionalTargetInfo.cmake",
		"C:/Qt_OSS/6.10.2/mingw_64/lib/cmake/Qt6Gui/Qt6QWindowsDirect2DIntegrationPluginConfig.cmake",
		"C:/Qt_OSS/Tools/CMake_64/share/cmake-3.30/Modules/CMakeFindDependencyMacro.cmake",
		"C:/Qt_OSS/6.10.2/mingw_64/lib/cmake/Qt6Gui/Qt6QWindowsDirect2DIntegrationPluginTargets.cmake",
		"C:/Qt_OSS/6.10.2/mingw_64/lib/cmake/Qt6Gui/Qt6QWindowsDirect2DIntegrationPluginTargets-relwithdebinfo.cmake",
		"C:/Qt_OSS/6.10.2/mingw_64/lib/cmake/Qt6Gui/Qt6QWindowsDirect2DIntegrationPluginAdditionalTargetInfo.cmake",
		"C:/Qt_OSS/6.10.2/mingw_64/lib/cmake/Qt6Gui/Qt6QWindowsIntegrationPluginConfig.cmake",
		"C:/Qt_OSS/Tools/CMake_64/share/cmake-3.30/Modules/CMakeFindDependencyMacro.cmake",
		"C:/Qt_OSS/6.10.2/mingw_64/lib/cmake/Qt6Gui/Qt6QWindowsIntegrationPluginTargets.cmake",
		"C:/Qt_OSS/6.10.2/mingw_64/lib/cmake/Qt6Gui/Qt6QWindowsIntegrationPluginTargets-relwithdebinfo.cmake",
		"C:/Qt_OSS/6.10.2/mingw_64/lib/cmake/Qt6Gui/Qt6QWindowsIntegrationPluginAdditionalTargetInfo.cmake",
		"C:/Qt_OSS/6.10.2/mingw_64/lib/cmake/Qt6Gui/Qt6GuiVersionlessAliasTargets.cmake",
		"C:/Qt_OSS/6.10.2/mingw_64/lib/cmake/Qt6Widgets/Qt6WidgetsTargets.cmake",
		"C:/Qt_OSS/6.10.2/mingw_64/lib/cmake/Qt6Widgets/Qt6WidgetsTargets-relwithdebinfo.cmake",
		"C:/Qt_OSS/6.10.2/mingw_64/lib/cmake/Qt6Widgets/Qt6WidgetsAdditionalTargetInfo.cmake",
		"C:/Qt_OSS/6.10.2/mingw_64/lib/cmake/Qt6Widgets/Qt6WidgetsMacros.cmake",
		"C:/Qt_OSS/6.10.2/mingw_64/lib/cmake/Qt6Widgets/Qt6WidgetsPlugins.cmake",
		"C:/Qt_OSS/6.10.2/mingw_64/lib/cmake/Qt6Widgets/Qt6QModernWindowsStylePluginConfig.cmake",
		"C:/Qt_OSS/Tools/CMake_64/share/cmake-3.30/Modules/CMakeFindDependencyMacro.cmake",
		"C:/Qt_OSS/6.10.2/mingw_64/lib/cmake/Qt6Widgets/Qt6QModernWindowsStylePluginTargets.cmake",
		"C:/Qt_OSS/6.10.2/mingw_64/lib/cmake/Qt6Widgets/Qt6QModernWindowsStylePluginTargets-relwithdebinfo.cmake",
		"C:/Qt_OSS/6.10.2/mingw_64/lib/cmake/Qt6Widgets/Qt6QModernWindowsStylePluginAdditionalTargetInfo.cmake",
		"C:/Qt_OSS/6.10.2/mingw_64/lib/cmake/Qt6Widgets/Qt6WidgetsVersionlessAliasTargets.cmake",
		"C:/Qt_OSS/6.10.2/mingw_64/lib/cmake/Qt6Concurrent/Qt6ConcurrentConfigVersion.cmake",
		"C:/Qt_OSS/6.10.2/mingw_64/lib/cmake/Qt6Concurrent/Qt6ConcurrentConfigVersionImpl.cmake",
		"C:/Qt_OSS/6.10.2/mingw_64/lib/cmake/Qt6Concurrent/Qt6ConcurrentConfig.cmake",
		"C:/Qt_OSS/Tools/CMake_64/share/cmake-3.30/Modules/CMakeFindDependencyMacro.cmake",
		"C:/Qt_OSS/6.10.2/mingw_64/lib/cmake/Qt6Concurrent/Qt6ConcurrentDependencies.cmake",
		"C:/Qt_OSS/6.10.2/mingw_64/lib/cmake/Qt6Concurrent/Qt6ConcurrentTargets.cmake",
		"C:/Qt_OSS/6.10.2/mingw_64/lib/cmake/Qt6Concurrent/Qt6ConcurrentTargets-relwithdebinfo.cmake",
		"C:/Qt_OSS/6.10.2/mingw_64/lib/cmake/Qt6Concurrent/Qt6ConcurrentAdditionalTargetInfo.cmake",
		"C:/Qt_OSS/6.10.2/mingw_64/lib/cmake/Qt6Concurrent/Qt6ConcurrentVersionlessAliasTargets.cmake",
		"C:/Qt_OSS/6.10.2/mingw_64/lib/cmake/Qt6/Qt6ConfigVersion.cmake",
		"C:/Qt_OSS/6.10.2/mingw_64/lib/cmake/Qt6/Qt6ConfigVersionImpl.cmake",
		"C:/Qt_OSS/6.10.2/mingw_64/lib/cmake/Qt6/Qt6Config.cmake",
		"C:/Qt_OSS/6.10.2/mingw_64/lib/cmake/Qt6/QtPublicCMakeEarlyPolicyHelpers.cmake",
		"C:/Qt_OSS/6.10.2/mingw_64/lib/cmake/Qt6/QtPublicCMakeHelpers.cmake",
		"C:/Qt_OSS/6.10.2/mingw_64/lib/cmake/Qt6/Qt6ConfigExtras.cmake",
		"C:/Qt_OSS/6.10.2/mingw_64/lib/cmake/Qt6/QtPublicCMakeVersionHelpers.cmake",
		"C:/Qt_OSS/6.10.2/mingw_64/lib/cmake/Qt6/QtInstallPaths.cmake",
		"C:/Qt_OSS/6.10.2/mingw_64/lib/cmake/Qt6/Qt6Targets.cmake",
		"C:/Qt_OSS/6.10.2/mingw_64/lib/cmake/Qt6/Qt6VersionlessAliasTargets.cmake",
		"C:/Qt_OSS/6.10.2/mingw_64/lib/cmake/Qt6/QtFeature.cmake",
		"C:/Qt_OSS/Tools/CMake_64/share/cmake-3.30/Modules/CheckCXXCompilerFlag.cmake",
		"C:/Qt_OSS/6.10.2/mingw_64/lib/cmake/Qt6/QtFeatureCommon.cmake",
		"C:/Qt_OSS/6.10.2/mingw_64/lib/cmake/Qt6/QtPublicAndroidHelpers.cmake",
		"C:/Qt_OSS/6.10.2/mingw_64/lib/cmake/Qt6/QtPublicAppleHelpers.cmake",
		"C:/Qt_OSS/6.10.2/mingw_64/lib/cmake/Qt6/QtPublicCMakeHelpers.cmake",
		"C:/Qt_OSS/6.10.2/mingw_64/lib/cmake/Qt6/QtPublicCMakeVersionHelpers.cmake",
		"C:/Qt_OSS/6.10.2/mingw_64/lib/cmake/Qt6/QtPublicDependencyHelpers.cmake",
		"C:/Qt_OSS/6.10.2/mingw_64/lib/cmake/Qt6/QtPublicExternalProjectHelpers.cmake",
		"C:/Qt_OSS/6.10.2/mingw_64/lib/cmake/Qt6/QtPublicFinalizerHelpers.cmake",
		"C:/Qt_OSS/6.10.2/mingw_64/lib/cmake/Qt6/QtPublicFindPackageHelpers.cmake",
		"C:/Qt_OSS/6.10.2/mingw_64/lib/cmake/Qt6/QtPublicGitHelpers.cmake",
		"C:/Qt_OSS/6.10.2/mingw_64/lib/cmake/Qt6/QtPublicPluginHelpers.cmake",
		"C:/Qt_OSS/6.10.2/mingw_64/lib/cmake/Qt6/QtPublicPluginHelpers_v2.cmake",
		"C:/Qt_OSS/6.10.2/mingw_64/lib/cmake/Qt6/QtPublicSbomAttributionHelpers.cmake",
		"C:/Qt_OSS/6.10.2/mingw_64/lib/cmake/Qt6/QtPublicSbomCommonGenerationHelpers.cmake",
		"C:/Qt_OSS/6.10.2/mingw_64/lib/cmake/Qt6/QtPublicSbomCpeHelpers.cmake",
		"C:/Qt_OSS/6.10.2/mingw_64/lib/cmake/Qt6/QtPublicSbomCycloneDXHelpers.cmake",
		"C:/Qt_OSS/6.10.2/mingw_64/lib/cmake/Qt6/QtPublicSbomDocumentNamespaceHelpers.cmake",
		"C:/Qt_OSS/6.10.2/mingw_64/lib/cmake/Qt6/QtPublicSbomDepHelpers.cmake",
		"C:/Qt_OSS/6.10.2/mingw_64/lib/cmake/Qt6/QtPublicSbomFileHelpers.cmake",
		"C:/Qt_OSS/6.10.2/mingw_64/lib/cmake/Qt6/QtPublicSbomGenerationHelpers.cmake",
		"C:/Qt_OSS/6.10.2/mingw_64/lib/cmake/Qt6/QtPublicSbomGenerationCycloneDXHelpers.cmake",
		"C:/Qt_OSS/6.10.2/mingw_64/lib/cmake/Qt6/QtPublicSbomHelpers.cmake",
		"C:/Qt_OSS/6.10.2/mingw_64/lib/cmake/Qt6/QtPublicSbomLicenseHelpers.cmake",
		"C:/Qt_OSS/6.10.2/mingw_64/lib/cmake/Qt6/QtPublicSbomOpsHelpers.cmake",
		"C:/Qt_OSS/6.10.2/mingw_64/lib/cmake/Qt6/QtPublicSbomPurlHelpers.cmake",
		"C:/Qt_OSS/6.10.2/mingw_64/lib/cmake/Qt6/QtPublicSbomPythonHelpers.cmake",
		"C:/Qt_OSS/6.10.2/mingw_64/lib/cmake/Qt6/QtPublicSbomQtEntityHelpers.cmake",
		"C:/Qt_OSS/6.10.2/mingw_64/lib/cmake/Qt6/QtPublicSbomSystemDepHelpers.cmake",
		"C:/Qt_OSS/6.10.2/mingw_64/lib/cmake/Qt6/QtPublicTargetHelpers.cmake",
		"C:/Qt_OSS/6.10.2/mingw_64/lib/cmake/Qt6/QtPublicTestHelpers.cmake",
		"C:/Qt_OSS/6.10.2/mingw_64/lib/cmake/Qt6/QtPublicToolHelpers.cmake",
		"C:/Qt_OSS/6.10.2/mingw_64/lib/cmake/Qt6/QtPublicWalkLibsHelpers.cmake",
		"C:/Qt_OSS/6.10.2/mingw_64/lib/cmake/Qt6/QtPublicWindowsHelpers.cmake",
		"C:/Qt_OSS/Tools/CMake_64/share/cmake-3.30/Modules/CMakeFindDependencyMacro.cmake",
		"C:/Qt_OSS/6.10.2/mingw_64/lib/cmake/Qt6/Qt6Dependencies.cmake",
		"C:/OpenCV/opencv_install_qtmingw/x64/mingw/lib/OpenCVConfig-version.cmake",
		"C:/OpenCV/opencv_install_qtmingw/x64/mingw/lib/OpenCVConfig.cmake",
		"C:/Qt_OSS/Tools/CMake_64/share/cmake-3.30/Modules/FindPackageHandleStandardArgs.cmake",
		"C:/Qt_OSS/Tools/CMake_64/share/cmake-3.30/Modules/FindPackageMessage.cmake",
		"C:/OpenCV/opencv_install_qtmingw/x64/mingw/lib/OpenCVModules.cmake",
		"C:/OpenCV/opencv_install_qtmingw/x64/mingw/lib/OpenCVModules-release.cmake",
		"C:/Qt_OSS/Tools/CMake_64/share/cmake-3.30/Modules/GNUInstallDirs.cmake"
	],
	"CMAKE_SOURCE_DIR" : "C:/Users/koyo0/Documents/Qt/Imace_Stich_Two",
	"CROSS_CONFIG" : false,
	"DEP_FILE" : "C:/Users/koyo0/Documents/Qt/Imace_Stich_Two/build/Desktop_Qt_6_10_2_MinGW_64_bit-Release/Image_Stitch_Two_autogen/deps",
	"DEP_FILE_RULE_NAME" : "Image_Stitch_Two_autogen/timestamp",
	"HEADERS" : 
	[
		[
			"C:/Users/koyo0/Documents/Qt/Imace_Stich_Two/droparea.h",
			"MU",
			"EWIEGA46WW/moc_droparea.cpp",
			null
		],
		[
			"C:/Users/koyo0/Documents/Qt/Imace_Stich_Two/maincampus.h",
			"MU",
			"EWIEGA46WW/moc_maincampus.cpp",
			null
		],
		[
			"C:/Users/koyo0/Documents/Qt/Imace_Stich_Two/mainwindow.h",
			"MU",
			"EWIEGA46WW/moc_mainwindow.cpp",
			null
		]
	],
	"HEADER_EXTENSIONS" : [ "h", "hh", "h++", "hm", "hpp", "hxx", "in", "txx" ],
	"INCLUDE_DIR" : "C:/Users/koyo0/Documents/Qt/Imace_Stich_Two/build/Desktop_Qt_6_10_2_MinGW_64_bit-Release/Image_Stitch_Two_autogen/include",
	"MOC_COMPILATION_FILE" : "C:/Users/koyo0/Documents/Qt/Imace_Stich_Two/build/Desktop_Qt_6_10_2_MinGW_64_bit-Release/Image_Stitch_Two_autogen/mocs_compilation.cpp",
	"MOC_DEFINITIONS" : 
	[
		"MINGW_HAS_SECURE_API=1",
		"QT_CONCURRENT_LIB",
		"QT_CORE_LIB",
		"QT_GUI_LIB",
		"QT_NEEDS_QMAIN",
		"QT_NO_DEBUG",
		"QT_WIDGETS_LIB",
		"UNICODE",
		"WIN32",
		"WIN64",
		"_ENABLE_EXTENDED_ALIGNED_STORAGE",
		"_UNICODE",
		"_WIN64"
	],
	"MOC_DEPEND_FILTERS" : 
	[
		[
			"Q_PLUGIN_METADATA",
			"[\n][ \t]*Q_PLUGIN_METADATA[ \t]*\\([^\\)]*FILE[ \t]*\"([^\"]+)\""
		]
	],
	"MOC_INCLUDES" : 
	[
		"C:/Users/koyo0/Documents/Qt/Imace_Stich_Two",
		"C:/OpenCV/opencv_install_qtmingw/include",
		"C:/Qt_OSS/6.10.2/mingw_64/include/QtCore",
		"C:/Qt_OSS/6.10.2/mingw_64/include",
		"C:/Qt_OSS/6.10.2/mingw_64/mkspecs/win32-g++",
		"C:/Qt_OSS/6.10.2/mingw_64/include/QtWidgets",
		"C:/Qt_OSS/6.10.2/mingw_64/include/QtGui",
		"C:/Qt_OSS/6.10.2/mingw_64/include/QtConcurrent",
		"C:/Qt_OSS/Tools/mingw1310_64/lib/gcc/x86_64-w64-mingw32/13.1.0/include/c++",
		"C:/Qt_OSS/Tools/mingw1310_64/lib/gcc/x86_64-w64-mingw32/13.1.0/include/c++/x86_64-w64-mingw32",
		"C:/Qt_OSS/Tools/mingw1310_64/lib/gcc/x86_64-w64-mingw32/13.1.0/include/c++/backward",
		"C:/Qt_OSS/Tools/mingw1310_64/lib/gcc/x86_64-w64-mingw32/13.1.0/include",
		"C:/Qt_OSS/Tools/mingw1310_64/lib/gcc/x86_64-w64-mingw32/13.1.0/include-fixed",
		"C:/Qt_OSS/Tools/mingw1310_64/x86_64-w64-mingw32/include"
	],
	"MOC_MACRO_NAMES" : 
	[
		"Q_OBJECT",
		"Q_GADGET",
		"Q_NAMESPACE",
		"Q_NAMESPACE_EXPORT",
		"Q_GADGET_EXPORT",
		"Q_ENUM_NS"
	],
	"MOC_OPTIONS" : [ "-DWIN32" ],
	"MOC_PATH_PREFIX" : false,
	"MOC_PREDEFS_CMD" : 
	[
		"C:/Qt_OSS/Tools/mingw1310_64/bin/g++.exe",
		"-std=gnu++17",
		"-dM",
		"-E",
		"-c",
		"C:/Qt_OSS/Tools/CMake_64/share/cmake-3.30/Modules/CMakeCXXCompilerABI.cpp"
	],
	"MOC_PREDEFS_FILE" : "C:/Users/koyo0/Documents/Qt/Imace_Stich_Two/build/Desktop_Qt_6_10_2_MinGW_64_bit-Release/Image_Stitch_Two_autogen/moc_predefs.h",
	"MOC_RELAXED_MODE" : false,
	"MOC_SKIP" : [],
	"MULTI_CONFIG" : false,
	"PARALLEL" : 16,
	"PARSE_CACHE_FILE" : "C:/Users/koyo0/Documents/Qt/Imace_Stich_Two/build/Desktop_Qt_6_10_2_MinGW_64_bit-Release/CMakeFiles/Image_Stitch_Two_autogen.dir/ParseCache.txt",
	"QT_MOC_EXECUTABLE" : "C:/Qt_OSS/6.10.2/mingw_64/bin/moc.exe",
	"QT_UIC_EXECUTABLE" : "C:/Qt_OSS/6.10.2/mingw_64/bin/uic.exe",
	"QT_VERSION_MAJOR" : 6,
	"QT_VERSION_MINOR" : 10,
	"SETTINGS_FILE" : "C:/Users/koyo0/Documents/Qt/Imace_Stich_Two/build/Desktop_Qt_6_10_2_MinGW_64_bit-Release/CMakeFiles/Image_Stitch_Two_autogen.dir/AutogenUsed.txt",
	"SOURCES" : 
	[
		[
			"C:/Users/koyo0/Documents/Qt/Imace_Stich_Two/droparea.cpp",
			"MU",
			null
		],
		[ "C:/Users/koyo0/Documents/Qt/Imace_Stich_Two/main.cpp", "MU", null ],
		[
			"C:/Users/koyo0/Documents/Qt/Imace_Stich_Two/maincampus.cpp",
			"MU",
			null
		],
		[
			"C:/Users/koyo0/Documents/Qt/Imace_Stich_Two/mainwindow.cpp",
			"MU",
			null
		]
	],
	"UIC_OPTIONS" : [],
	"UIC_SEARCH_PATHS" : [],
	"UIC_SKIP" : [],
	"UIC_UI_FILES" : [],
	"USE_BETTER_GRAPH" : true,
	"VERBOSITY" : 0
}
